روز,تاریخ,✔ تلگرام انجام شد؟ ,یادداشت کوتاه,پیاده‌روی چی؟,ده صفحه کتاب؟,حس امروز
1,2025-05-01,,                                                  ,,,
2,2025-05-02,,                                                  ,,,
3,2025-05-03,,                                                  ,,,
4,2025-05-04,,                                                  ,,,
5,2025-05-05,,                                                  ,,,
6,2025-05-06,,                                                  ,,,
7,2025-05-07,,                                                  ,,,
8,2025-05-08,,                                                  ,,,
9,2025-05-09,,                                                  ,,,
10,2025-05-10,,                                                  ,,,
11,2025-05-11,,                                                  ,,,
12,2025-05-12,,                                                  ,,,
13,2025-05-13,,                                                  ,,,
14,2025-05-14,,                                                  ,,,
15,2025-05-15,,                                                  ,,,
16,2025-05-16,,                                                  ,,,
17,2025-05-17,,                                                  ,,,
18,2025-05-18,,                                                  ,,,
19,2025-05-19,,                                                  ,,,
20,2025-05-20,,                                                  ,,,
21,2025-05-21,,                                                  ,,,
22,2025-05-22,,                                                  ,,,
23,2025-05-23,,                                                  ,,,
24,2025-05-24,,                                                  ,,,
25,2025-05-25,,                                                  ,,,
26,2025-05-26,,                                                  ,,,
27,2025-05-27,,                                                  ,,,
28,2025-05-28,,                                                  ,,,
29,2025-05-29,,                                                  ,,,
30,2025-05-30,,                                                  ,,,
